Label,Value,Error
"DrugX
30uM",-60.29818462,-16.72370742
"Drug1
1 uM",-9.470105909,-2.855344366
"Drug2
200 uM",19.97087314,7.548280543
"Drug3
1 uM",-28.11469909,-8.476900725
"Drug4
20uM",-28.25577846,-7.836742929
"Drug5
100uM",-12.002246,-5.367567588
"Drug6
1uM",-2.2387988,-1.001221261
