Label,Value,Error
"Conolidine
30uM",-60.29818462,-16.72370742
"Baclofen
1 uM",-9.470105909,-2.855344366
"Saclofen
200 uM",19.97087314,7.548280543
"CGP7930
1 uM",-28.11469909,-8.476900725
"Bicuculline
20uM",-28.25577846,-7.836742929
"Nickel
100uM",-12.002246,-5.367567588
"LY341495
1uM",-2.2387988,-1.001221261
