Label,Value,Error
"DrugX
30uM",-64.69141538,-17.9421704
"Drug1
1 uM",-23.94717282,-7.220344275
"Drug2
200 uM",30.47719286,11.51929614
"Drug3
1 uM",-6.463289364,-1.948755066
"Drug4
20uM",-37.20934563,-9.302336406
"Drug5
100uM",-11.7943578,-5.274597158
"Drug6
1uM",5.9306784,2.652280011
