Label,Value,Error
"Conolidine
30uM",-64.69141538,-17.9421704
"Baclofen
1 uM",-23.94717282,-7.220344275
"Saclofen
200 uM",30.47719286,11.51929614
"CGP7930
1 uM",-6.463289364,-1.948755066
"Bicuculline
20uM",-37.20934563,-9.302336406
"Nickel
100uM",-11.7943578,-5.274597158
"LY341495
1uM",5.9306784,2.652280011
