Label,Value,Error
"Conolidine
30uM",168.9834225,46.8675688
"Baclofen
1 uM",626.3305864,188.8457772
"Saclofen
200 uM",-21.67212643,-8.191293845
"CGP7930
1 uM",91.45850118,27.57577566
"Bicuculline
20uM",104.9130062,26.22825155
"Nickel
100uM",54.96608,24.58157827
"LY341495
1uM",101.817126,45.534003
