Label,Value,Error
"DrugX
30uM",168.9834225,46.8675688
"Drug1
1 uM",626.3305864,188.8457772
"Drug2
200 uM",-21.67212643,-8.191293845
"Drug3
1 uM",91.45850118,27.57577566
"Drug4
20uM",104.9130062,26.22825155
"Drug5
100uM",54.96608,24.58157827
"Drug6
1uM",101.817126,45.534003
