Label,Value,Error,,,,,,,,,,,,
"DrugX
30uM",2884.154456,799.9205214,,,,,,,,,,,,
"Drug1
1 uM",482.1732818,145.3807145,,,,,,,,,,,,
"Drug2
200 uM",110.0792414,41.60604248,,,,,,,,,,,,
"Drug3
1 uM",220.7023373,66.54425846,,,,,,,,,,,,
"Drug4
20uM",103.9874469,25.99686172,,,,,,,,,,,,
"Drug5
100uM",98.820222,44.19374679,,,,,,,,,,,,
"Drug6
1uM",199.0953946,89.03816727,,,,,,,,,,,,
