Label,Value,Error,,,,,,,,,,,,
"Conolidine
30uM",2884.154456,799.9205214,,,,,,,,,,,,
"Baclofen
1 uM",482.1732818,145.3807145,,,,,,,,,,,,
"Saclofen
200 uM",110.0792414,41.60604248,,,,,,,,,,,,
"CGP7930
1 uM",220.7023373,66.54425846,,,,,,,,,,,,
"Bicuculline
20uM",103.9874469,25.99686172,,,,,,,,,,,,
"Nickel
100uM",98.820222,44.19374679,,,,,,,,,,,,
"LY341495
1uM",199.0953946,89.03816727,,,,,,,,,,,,
